drug,expiry year
Plavix, 2012
Seroquel, 2012
Singulair, 2012
Actos, 2012
Lexapro, 2012
Diovan, 2012
Diovan HCT, 2012
Geodon, 2012
Viagra, 2012
Boniva, 2012
Nu Lotan, 2012
Myslee, 2012
Preminent, 2012
Haigou, 2012
Seroquel, 2012
Lipitor, 2012
Amias, 2012
Seroquel, 2012
Aricept, 2012
Singulair, 2012
Tahor, 2012
Singulair, 2012
Pariet, 2012
Ixprim, 2012
Aprovel, 2012
Seroquel, 2012
Atacand, 2012
Atacand Plus, 2012
Sortis, 2012
Aricept, 2012
Oxycontin, 2013
Aciphex, 2013
Zometa, 2013
Xeloda, 2013
Opana ER, 2013
Asacol, 2013
Diovan, 2013
Plavix, 2013
Livalo, 2013
Elplat, 2013
Viagra, 2013
Xeloda, 2013
Seretide, 2013
Coaprovel, 2013
Xeloda, 2013
Micardis, 2013
Viagra, 2013
Viani, 2013
Zometa, 2013
Atmadisc, 2013
Coaprovel, 2013
Viagra, 2013
Nexium, 2014
Cymbalta, 2014
Celebrex, 2014
Symbicort, 2014
Lunesta, 2014
Restasis, 2014
Evista, 2014
Sandostatin LAR, 2014
Actonel, 2014
Prograf, 2014
Glivec, 2014
Abilify, 2014
Abilify, 2014
Cipralex, 2014
Risperdal Consta, 2014
Seroplex, 2014
Abilify, 2014
Ebixa, 2014
Risperdal Consta LP, 2014
Axura, 2014
Risperdal Consta, 2014
Blopress Plus, 2014
Abilify, 2015
Copaxone, 2015
Gleevec, 2015
Namenda, 2015
Provigil, 2015
Combivent, 2015
Zyvox, 2015
Prezista, 2015
Avodart, 2015
Zyprexa, 2015
Adoair, 2015
Alimta, 2015
Spiriva, 2015
Symbicort, 2015
Spiriva, 2015
Cymbalta, 2015
Alimta, 2015
Alimta, 2015
Spiriva, 2015
Copaxone, 2015
Protelos, 2015
Cymbalta, 2015
Spiriva, 2015
Copaxone, 2015
Alimta, 2015
Cymbalta, 2015
Crestor, 2016
Benicar, 2016
Benicar HCT, 2016
Cubicin, 2016
Blopress, 2016
Baraclude, 2016
Glivec, 2016
Vfend, 2016
Glivec, 2016
Cancidas, 2016
Vfend, 2016
Glivec, 2016
Zyvoxid, 2016
Vfend, 2016
